{"cameraMode":{"drawMode":0,"name":"Shaded","section":"Shading Mode"},"sceneLighting":false,"audioPlay":false,"sceneViewState":{"m_AlwaysRefresh":false,"showFog":true,"showSkybox":true,"showFlares":true,"showImageEffects":true,"showParticleSystems":true,"showVisualEffectGraphs":true,"m_FxEnabled":true},"in2DMode":false,"pivot":{"x":0.7033018469810486,"y":-1.0650043487548829,"z":7.373675346374512},"rotation":{"x":-0.393900603055954,"y":0.041889045387506488,"z":-0.017974495887756349,"w":-0.9180419445037842},"size":5.128474235534668,"orthographic":false}