{"cameraMode":{"drawMode":0,"name":"Shaded","section":"Shading Mode"},"sceneLighting":false,"audioPlay":false,"sceneViewState":{"m_AlwaysRefresh":false,"showFog":true,"showSkybox":true,"showFlares":true,"showImageEffects":true,"showParticleSystems":true,"showVisualEffectGraphs":true,"m_FxEnabled":true},"in2DMode":false,"pivot":{"x":3.4411144256591799,"y":-0.4598776698112488,"z":9.941163063049317},"rotation":{"x":-0.15711690485477448,"y":0.02280920371413231,"z":-0.0036320786457508804,"w":-0.9873315095901489},"size":6.216128349304199,"orthographic":false}