{"cameraMode":{"drawMode":0,"name":"Shaded","section":"Shading Mode"},"sceneLighting":false,"audioPlay":false,"sceneViewState":{"m_AlwaysRefresh":false,"showFog":true,"showSkybox":false,"showFlares":true,"showImageEffects":true,"showParticleSystems":true,"showVisualEffectGraphs":true,"m_FxEnabled":true},"in2DMode":false,"pivot":{"x":0.03842630982398987,"y":0.05348217487335205,"z":-0.16101866960525514},"rotation":{"x":-0.3279564678668976,"y":0.058611489832401279,"z":-0.020391637459397317,"w":-0.942654550075531},"size":0.7005640864372253,"orthographic":false}